{
  "IcoMoonType": "selection",
  "icons": [
    {
      "icon": {
        "paths": [
          "M189.12 955.52l170.688-295.68h664.192l-170.688 295.68h-664.192zM341.312 659.84l-170.624 295.68-170.688-295.68 332.16-575.36 170.624 295.68-161.472 279.68zM1014.784 643.84h-341.312l-332.16-575.36h341.376l332.16 575.36z"
        ],
        "attrs": [
          {
            "fill": "rgb(67, 134, 252)"
          }
        ],
        "isMulticolor": false,
        "isMulticolor2": false,
        "tags": [
          "brand",
          "googledrive"
        ],
        "grid": 0
      },
      "attrs": [
        {
          "fill": "rgb(67, 134, 252)"
        }
      ],
      "properties": {
        "order": 1,
        "id": 0,
        "prevSize": 32,
        "code": 59648,
        "name": "brand"
      },
      "setIdx": 0,
      "setId": 2,
      "iconIdx": 0
    },
    {
      "icon": {
        "paths": [
          "M288 576h-64v448h64c17.6 0 32-14.4 32-32v-384c0-17.6-14.4-32-32-32z",
          "M736 576c-17.602 0-32 14.4-32 32v384c0 17.6 14.398 32 32 32h64v-448h-64z",
          "M1024 512c0-282.77-229.23-512-512-512s-512 229.23-512 512c0 61.412 10.83 120.29 30.656 174.848-19.478 33.206-30.656 71.87-30.656 113.152 0 112.846 83.448 206.188 192 221.716v-443.418c-31.914 4.566-61.664 15.842-87.754 32.378-5.392-26.718-8.246-54.364-8.246-82.676 0-229.75 186.25-416 416-416s416 186.25 416 416c0 28.314-2.83 55.968-8.22 82.696-26.1-16.546-55.854-27.848-87.78-32.418v443.44c108.548-15.532 192-108.874 192-221.714 0-41.274-11.178-79.934-30.648-113.138 19.828-54.566 30.648-113.452 30.648-174.866z"
        ],
        "tags": [
          "headphones",
          "headset",
          "music",
          "audio"
        ],
        "defaultCode": 59664,
        "grid": 16,
        "attrs": []
      },
      "attrs": [],
      "properties": {
        "ligatures": "headphones, headset",
        "name": "headphones",
        "order": 12,
        "id": 17,
        "prevSize": 32,
        "code": 59664
      },
      "setIdx": 1,
      "setId": 1,
      "iconIdx": 16
    },
    {
      "icon": {
        "paths": [
          "M896 128v832h-672c-53.026 0-96-42.98-96-96s42.974-96 96-96h608v-768h-640c-70.398 0-128 57.6-128 128v768c0 70.4 57.602 128 128 128h768v-896h-64z",
          "M224.056 832v0c-0.018 0.002-0.038 0-0.056 0-17.672 0-32 14.326-32 32s14.328 32 32 32c0.018 0 0.038-0.002 0.056-0.002v0.002h607.89v-64h-607.89z"
        ],
        "tags": [
          "book",
          "read",
          "reading"
        ],
        "defaultCode": 59679,
        "grid": 16,
        "attrs": []
      },
      "attrs": [],
      "properties": {
        "ligatures": "book, read",
        "name": "book",
        "order": 13,
        "id": 32,
        "prevSize": 32,
        "code": 59679
      },
      "setIdx": 1,
      "setId": 1,
      "iconIdx": 31
    },
    {
      "icon": {
        "paths": [
          "M864 0h-768c-52.8 0-96 43.2-96 96v832c0 52.8 43.2 96 96 96h768c52.8 0 96-43.2 96-96v-832c0-52.8-43.2-96-96-96zM832 896h-704v-768h704v768zM256 576h448v64h-448zM256 704h448v64h-448zM320 288c0-53.019 42.981-96 96-96s96 42.981 96 96c0 53.019-42.981 96-96 96s-96-42.981-96-96zM480 384h-128c-52.8 0-96 28.8-96 64v64h320v-64c0-35.2-43.2-64-96-64z"
        ],
        "tags": [
          "profile",
          "file",
          "document",
          "page",
          "user",
          "paper"
        ],
        "defaultCode": 59683,
        "grid": 16,
        "attrs": []
      },
      "attrs": [],
      "properties": {
        "ligatures": "profile, file2",
        "name": "profile",
        "order": 35,
        "id": 36,
        "prevSize": 32,
        "code": 59683
      },
      "setIdx": 1,
      "setId": 1,
      "iconIdx": 35
    },
    {
      "icon": {
        "paths": [
          "M658.744 749.256l-210.744-210.746v-282.51h128v229.49l173.256 173.254zM512 0c-282.77 0-512 229.23-512 512s229.23 512 512 512 512-229.23 512-512-229.23-512-512-512zM512 896c-212.078 0-384-171.922-384-384s171.922-384 384-384c212.078 0 384 171.922 384 384s-171.922 384-384 384z"
        ],
        "tags": [
          "clock",
          "time",
          "schedule"
        ],
        "defaultCode": 59726,
        "grid": 16,
        "attrs": []
      },
      "attrs": [],
      "properties": {
        "ligatures": "clock, time2",
        "name": "clock",
        "order": 49,
        "id": 79,
        "prevSize": 32,
        "code": 59726
      },
      "setIdx": 1,
      "setId": 1,
      "iconIdx": 78
    },
    {
      "icon": {
        "paths": [
          "M768 0h-576c-35.2 0-64 28.798-64 64v896c0 35.2 28.798 64 64 64h576c35.2 0 64-28.8 64-64v-896c0-35.202-28.8-64-64-64zM480 977.782c-27.492 0-49.782-22.29-49.782-49.782s22.29-49.782 49.782-49.782 49.782 22.29 49.782 49.782-22.29 49.782-49.782 49.782zM768 832h-576v-704h576v704z"
        ],
        "tags": [
          "mobile",
          "cell-phone",
          "handheld",
          "tablet",
          "phablet"
        ],
        "defaultCode": 59737,
        "grid": 16,
        "attrs": []
      },
      "attrs": [],
      "properties": {
        "ligatures": "mobile2, cell-phone2",
        "name": "mobile2",
        "order": 42,
        "id": 90,
        "prevSize": 32,
        "code": 59737
      },
      "setIdx": 1,
      "setId": 1,
      "iconIdx": 89
    },
    {
      "icon": {
        "paths": [
          "M981.188 288.108c-88.808-12.768-183.382-22.016-282.076-27.22l164.888-164.888-64-64-224.558 224.556c-21.006-0.368-42.156-0.556-63.442-0.556v0l-256-256-64 64 194.196 194.196c-120.922 4.242-236.338 14.524-343.386 29.912-27.532 107.726-42.81 226.752-42.81 351.892s15.278 244.166 42.804 351.89c143.642 20.652 302.34 32.11 469.196 32.11s325.55-11.458 469.188-32.11c27.534-107.724 42.812-226.75 42.812-351.89s-15.278-244.166-42.812-351.892zM863.892 874.594c-107.73 13.766-226.75 21.406-351.892 21.406s-244.166-7.64-351.892-21.406c-20.648-71.816-32.108-151.166-32.108-234.594 0-83.43 11.458-162.78 32.108-234.596 107.726-13.766 226.75-21.404 351.892-21.404 125.136 0 244.162 7.638 351.886 21.404 20.656 71.816 32.114 151.166 32.114 234.596 0 83.428-11.458 162.778-32.108 234.594z"
        ],
        "tags": [
          "tv",
          "television",
          "show"
        ],
        "defaultCode": 59739,
        "grid": 16,
        "attrs": []
      },
      "attrs": [],
      "properties": {
        "ligatures": "tv, television",
        "name": "tv",
        "order": 16,
        "id": 92,
        "prevSize": 32,
        "code": 59739
      },
      "setIdx": 1,
      "setId": 1,
      "iconIdx": 91
    },
    {
      "icon": {
        "paths": [
          "M576 706.612v-52.78c70.498-39.728 128-138.772 128-237.832 0-159.058 0-288-192-288s-192 128.942-192 288c0 99.060 57.502 198.104 128 237.832v52.78c-217.102 17.748-384 124.42-384 253.388h896c0-128.968-166.898-235.64-384-253.388z"
        ],
        "tags": [
          "user",
          "profile",
          "avatar",
          "person",
          "member"
        ],
        "defaultCode": 59761,
        "grid": 16,
        "attrs": []
      },
      "attrs": [],
      "properties": {
        "ligatures": "user, profile2",
        "name": "user",
        "order": 34,
        "id": 114,
        "prevSize": 32,
        "code": 59761
      },
      "setIdx": 1,
      "setId": 1,
      "iconIdx": 113
    },
    {
      "icon": {
        "paths": [
          "M512 1024c-136.76 0-265.334-53.258-362.040-149.96-96.702-96.706-149.96-225.28-149.96-362.040 0-96.838 27.182-191.134 78.606-272.692 50-79.296 120.664-143.372 204.356-185.3l43 85.832c-68.038 34.084-125.492 86.186-166.15 150.67-41.746 66.208-63.812 142.798-63.812 221.49 0 229.382 186.618 416 416 416s416-186.618 416-416c0-78.692-22.066-155.282-63.81-221.49-40.66-64.484-98.114-116.584-166.15-150.67l43-85.832c83.692 41.928 154.358 106.004 204.356 185.3 51.422 81.558 78.604 175.854 78.604 272.692 0 136.76-53.258 265.334-149.96 362.040-96.706 96.702-225.28 149.96-362.040 149.96z"
        ],
        "tags": [
          "spinner",
          "loading",
          "loading-wheel",
          "busy",
          "wait"
        ],
        "defaultCode": 59777,
        "grid": 16,
        "attrs": []
      },
      "attrs": [],
      "properties": {
        "ligatures": "spinner8, loading9",
        "name": "spinner8",
        "order": 43,
        "id": 130,
        "prevSize": 32,
        "code": 59777
      },
      "setIdx": 1,
      "setId": 1,
      "iconIdx": 129
    },
    {
      "icon": {
        "paths": [
          "M704 64l-320 320h-192l-192 256c0 0 203.416-56.652 322.066-30.084l-322.066 414.084 421.902-328.144c58.838 134.654-37.902 328.144-37.902 328.144l256-192v-192l320-320 64-320-320 64z"
        ],
        "tags": [
          "rocket",
          "jet",
          "speed",
          "spaceship",
          "fast"
        ],
        "defaultCode": 59813,
        "grid": 16,
        "attrs": []
      },
      "attrs": [],
      "properties": {
        "ligatures": "rocket, jet",
        "name": "rocket",
        "order": 45,
        "id": 166,
        "prevSize": 32,
        "code": 59813
      },
      "setIdx": 1,
      "setId": 1,
      "iconIdx": 165
    },
    {
      "icon": {
        "paths": [
          "M960 256h-256v-64c0-35.2-28.8-64-64-64h-256c-35.204 0-64 28.8-64 64v64h-256c-35.2 0-64 28.8-64 64v576c0 35.202 28.796 64 64 64h896c35.2 0 64-28.798 64-64v-576c0-35.2-28.8-64-64-64zM384 192.116c0.034-0.040 0.074-0.082 0.114-0.116h255.772c0.042 0.034 0.082 0.076 0.118 0.116v63.884h-256.004v-63.884zM960 512h-128v96c0 17.602-14.4 32-32 32h-64c-17.604 0-32-14.398-32-32v-96h-384v96c0 17.602-14.4 32-32 32h-64c-17.602 0-32-14.398-32-32v-96h-128v-64h896v64z"
        ],
        "tags": [
          "briefcase",
          "portfolio",
          "suitcase",
          "work",
          "job",
          "employee"
        ],
        "defaultCode": 59822,
        "grid": 16,
        "attrs": []
      },
      "attrs": [],
      "properties": {
        "ligatures": "briefcase, portfolio",
        "name": "briefcase",
        "order": 29,
        "id": 175,
        "prevSize": 32,
        "code": 59822
      },
      "setIdx": 1,
      "setId": 1,
      "iconIdx": 174
    },
    {
      "icon": {
        "paths": [
          "M416 96c0-53.018 42.98-96 96-96s96 42.982 96 96c0 53.020-42.98 96-96 96s-96-42.98-96-96z",
          "M640 320l329.596-142.172-23.77-59.424-401.826 137.596h-64l-401.826-137.596-23.77 59.424 329.596 142.172v256l-131.27 424.57 59.84 22.7 185.716-415.27h27.428l185.716 415.27 59.84-22.7-131.27-424.57z"
        ],
        "tags": [
          "accessibility"
        ],
        "defaultCode": 59826,
        "grid": 16,
        "attrs": []
      },
      "attrs": [],
      "properties": {
        "ligatures": "accessibility",
        "name": "accessibility",
        "order": 50,
        "id": 179,
        "prevSize": 32,
        "code": 59826
      },
      "setIdx": 1,
      "setId": 1,
      "iconIdx": 178
    },
    {
      "icon": {
        "paths": [
          "M384 0l-384 512h384l-256 512 896-640h-512l384-384z"
        ],
        "tags": [
          "power",
          "lightning",
          "bolt",
          "electricity"
        ],
        "defaultCode": 59829,
        "grid": 16,
        "attrs": []
      },
      "attrs": [],
      "properties": {
        "ligatures": "power, lightning",
        "name": "power",
        "order": 19,
        "id": 182,
        "prevSize": 32,
        "code": 59829
      },
      "setIdx": 1,
      "setId": 1,
      "iconIdx": 181
    },
    {
      "icon": {
        "paths": [
          "M1014.662 822.66c-0.004-0.004-0.008-0.008-0.012-0.010l-310.644-310.65 310.644-310.65c0.004-0.004 0.008-0.006 0.012-0.010 3.344-3.346 5.762-7.254 7.312-11.416 4.246-11.376 1.824-24.682-7.324-33.83l-146.746-146.746c-9.148-9.146-22.45-11.566-33.828-7.32-4.16 1.55-8.070 3.968-11.418 7.31 0 0.004-0.004 0.006-0.008 0.010l-310.648 310.652-310.648-310.65c-0.004-0.004-0.006-0.006-0.010-0.010-3.346-3.342-7.254-5.76-11.414-7.31-11.38-4.248-24.682-1.826-33.83 7.32l-146.748 146.748c-9.148 9.148-11.568 22.452-7.322 33.828 1.552 4.16 3.97 8.072 7.312 11.416 0.004 0.002 0.006 0.006 0.010 0.010l310.65 310.648-310.65 310.652c-0.002 0.004-0.006 0.006-0.008 0.010-3.342 3.346-5.76 7.254-7.314 11.414-4.248 11.376-1.826 24.682 7.322 33.83l146.748 146.746c9.15 9.148 22.452 11.568 33.83 7.322 4.16-1.552 8.070-3.97 11.416-7.312 0.002-0.004 0.006-0.006 0.010-0.010l310.648-310.65 310.648 310.65c0.004 0.002 0.008 0.006 0.012 0.008 3.348 3.344 7.254 5.762 11.414 7.314 11.378 4.246 24.684 1.826 33.828-7.322l146.746-146.748c9.148-9.148 11.57-22.454 7.324-33.83-1.552-4.16-3.97-8.068-7.314-11.414z"
        ],
        "tags": [
          "cross",
          "cancel",
          "close",
          "quit",
          "remove"
        ],
        "defaultCode": 59919,
        "grid": 16,
        "attrs": []
      },
      "attrs": [],
      "properties": {
        "ligatures": "cross, cancel",
        "name": "cross",
        "order": 44,
        "id": 272,
        "prevSize": 32,
        "code": 59919
      },
      "setIdx": 1,
      "setId": 1,
      "iconIdx": 271
    },
    {
      "icon": {
        "paths": [
          "M864 128l-480 480-224-224-160 160 384 384 640-640z"
        ],
        "tags": [
          "checkmark",
          "tick",
          "correct",
          "accept",
          "ok"
        ],
        "defaultCode": 59920,
        "grid": 16,
        "attrs": []
      },
      "attrs": [],
      "properties": {
        "ligatures": "checkmark, tick",
        "name": "checkmark",
        "order": 37,
        "id": 273,
        "prevSize": 32,
        "code": 59920
      },
      "setIdx": 1,
      "setId": 1,
      "iconIdx": 272
    },
    {
      "icon": {
        "paths": [
          "M736.014 448c-8.908 0-17.77-3.698-24.096-10.928l-199.918-228.478-199.918 228.478c-11.636 13.3-31.856 14.65-45.154 3.010-13.3-11.638-14.648-31.854-3.010-45.154l224-256c6.076-6.944 14.854-10.928 24.082-10.928s18.006 3.984 24.082 10.928l224 256c11.638 13.3 10.292 33.516-3.010 45.154-6.070 5.312-13.582 7.918-21.058 7.918z"
        ],
        "tags": [
          "ctrl",
          "control"
        ],
        "defaultCode": 59984,
        "grid": 16,
        "attrs": []
      },
      "attrs": [],
      "properties": {
        "ligatures": "ctrl, control",
        "name": "ctrl",
        "order": 20,
        "id": 337,
        "prevSize": 32,
        "code": 59984
      },
      "setIdx": 1,
      "setId": 1,
      "iconIdx": 336
    },
    {
      "icon": {
        "paths": [
          "M896 0h-768c-70.4 0-128 57.6-128 128v768c0 70.4 57.6 128 128 128h768c70.4 0 128-57.6 128-128v-768c0-70.4-57.6-128-128-128zM448 794.51l-237.254-237.256 90.51-90.508 146.744 146.744 306.746-306.746 90.508 90.51-397.254 397.256z"
        ],
        "tags": [
          "checkbox-checked",
          "checkbox",
          "tick",
          "checked",
          "selected"
        ],
        "defaultCode": 59986,
        "grid": 16,
        "attrs": []
      },
      "attrs": [],
      "properties": {
        "ligatures": "checkbox-checked, checkbox",
        "name": "checkbox-checked",
        "order": 32,
        "id": 339,
        "prevSize": 32,
        "code": 59986
      },
      "setIdx": 1,
      "setId": 1,
      "iconIdx": 338
    },
    {
      "icon": {
        "paths": [
          "M0 64v896h1024v-896h-1024zM960 896h-896v-768h896v768zM896 192h-768v640h768v-640zM448 512h-64v64h-64v64h-64v-64h64v-64h64v-64h-64v-64h-64v-64h64v64h64v64h64v64zM704 640h-192v-64h192v64z"
        ],
        "tags": [
          "terminal",
          "console",
          "cmd",
          "command-line"
        ],
        "defaultCode": 60033,
        "grid": 16,
        "attrs": []
      },
      "attrs": [],
      "properties": {
        "ligatures": "terminal, console",
        "name": "terminal",
        "order": 40,
        "id": 386,
        "prevSize": 32,
        "code": 60033
      },
      "setIdx": 1,
      "setId": 1,
      "iconIdx": 385
    },
    {
      "icon": {
        "paths": [
          "M853.342 0h-682.656c-93.874 0-170.686 76.81-170.686 170.69v682.622c0 93.938 76.812 170.688 170.686 170.688h682.656c93.876 0 170.658-76.75 170.658-170.69v-682.62c0-93.88-76.782-170.69-170.658-170.69zM182.628 886.626l-77.256-77.254 256-256 29.256 29.254-208 304zM153.372 198.628l29.256-29.256 329.372 265.374 329.374-265.374 29.254 29.256-358.628 422.626-358.628-422.626zM841.374 886.626l-208-304 29.254-29.254 256 256-77.254 77.254z"
        ],
        "tags": [
          "mail",
          "contact",
          "support",
          "newsletter",
          "letter",
          "email",
          "envelop",
          "social"
        ],
        "defaultCode": 60037,
        "grid": 16,
        "attrs": []
      },
      "attrs": [],
      "properties": {
        "ligatures": "mail4, contact4",
        "name": "mail3",
        "order": 31,
        "id": 390,
        "prevSize": 32,
        "code": 60037
      },
      "setIdx": 1,
      "setId": 1,
      "iconIdx": 389
    },
    {
      "icon": {
        "paths": [
          "M512 0c-282.77 0-512 229.23-512 512s229.23 512 512 512 512-229.23 512-512-229.23-512-512-512zM256 256h512c9.138 0 18.004 1.962 26.144 5.662l-282.144 329.168-282.144-329.17c8.14-3.696 17.006-5.66 26.144-5.66zM192 704v-384c0-1.34 0.056-2.672 0.14-4l187.664 218.942-185.598 185.598c-1.444-5.336-2.206-10.886-2.206-16.54zM768 768h-512c-5.654 0-11.202-0.762-16.54-2.208l182.118-182.118 90.422 105.498 90.424-105.494 182.116 182.12c-5.34 1.44-10.886 2.202-16.54 2.202zM832 704c0 5.654-0.762 11.2-2.206 16.54l-185.6-185.598 187.666-218.942c0.084 1.328 0.14 2.66 0.14 4v384z"
        ],
        "tags": [
          "mail",
          "contact",
          "support",
          "newsletter",
          "letter",
          "email",
          "envelop",
          "social"
        ],
        "defaultCode": 60038,
        "grid": 16,
        "attrs": []
      },
      "attrs": [],
      "properties": {
        "ligatures": "mail5, contact5",
        "name": "mail4",
        "order": 33,
        "id": 391,
        "prevSize": 32,
        "code": 60038
      },
      "setIdx": 1,
      "setId": 1,
      "iconIdx": 390
    },
    {
      "icon": {
        "paths": [
          "M928 0h-832c-52.8 0-96 43.2-96 96v832c0 52.8 43.2 96 96 96h416v-448h-128v-128h128v-64c0-105.8 86.2-192 192-192h128v128h-128c-35.2 0-64 28.8-64 64v64h192l-32 128h-160v448h288c52.8 0 96-43.2 96-96v-832c0-52.8-43.2-96-96-96z"
        ],
        "tags": [
          "facebook",
          "brand",
          "social"
        ],
        "defaultCode": 60049,
        "grid": 16,
        "attrs": []
      },
      "attrs": [],
      "properties": {
        "ligatures": "facebook2, brand11",
        "name": "facebook2",
        "order": 6,
        "id": 402,
        "prevSize": 32,
        "code": 60049
      },
      "setIdx": 1,
      "setId": 1,
      "iconIdx": 401
    },
    {
      "icon": {
        "paths": [
          "M1024 226.4c-37.6 16.8-78.2 28-120.6 33 43.4-26 76.6-67.2 92.4-116.2-40.6 24-85.6 41.6-133.4 51-38.4-40.8-93-66.2-153.4-66.2-116 0-210 94-210 210 0 16.4 1.8 32.4 5.4 47.8-174.6-8.8-329.4-92.4-433-219.6-18 31-28.4 67.2-28.4 105.6 0 72.8 37 137.2 93.4 174.8-34.4-1-66.8-10.6-95.2-26.2 0 0.8 0 1.8 0 2.6 0 101.8 72.4 186.8 168.6 206-17.6 4.8-36.2 7.4-55.4 7.4-13.6 0-26.6-1.4-39.6-3.8 26.8 83.4 104.4 144.2 196.2 146-72 56.4-162.4 90-261 90-17 0-33.6-1-50.2-3 93.2 59.8 203.6 94.4 322.2 94.4 386.4 0 597.8-320.2 597.8-597.8 0-9.2-0.2-18.2-0.6-27.2 41-29.4 76.6-66.4 104.8-108.6z"
        ],
        "tags": [
          "twitter",
          "brand",
          "tweet",
          "social"
        ],
        "defaultCode": 60054,
        "grid": 16,
        "attrs": []
      },
      "attrs": [],
      "properties": {
        "ligatures": "twitter, brand16",
        "name": "twitter",
        "order": 10,
        "id": 407,
        "prevSize": 32,
        "code": 60054
      },
      "setIdx": 1,
      "setId": 1,
      "iconIdx": 406
    },
    {
      "icon": {
        "paths": [
          "M512.008 12.642c-282.738 0-512.008 229.218-512.008 511.998 0 226.214 146.704 418.132 350.136 485.836 25.586 4.738 34.992-11.11 34.992-24.632 0-12.204-0.48-52.542-0.696-95.324-142.448 30.976-172.504-60.41-172.504-60.41-23.282-59.176-56.848-74.916-56.848-74.916-46.452-31.778 3.51-31.124 3.51-31.124 51.4 3.61 78.476 52.766 78.476 52.766 45.672 78.27 119.776 55.64 149.004 42.558 4.588-33.086 17.852-55.68 32.506-68.464-113.73-12.942-233.276-56.85-233.276-253.032 0-55.898 20.004-101.574 52.76-137.428-5.316-12.9-22.854-64.972 4.952-135.5 0 0 43.006-13.752 140.84 52.49 40.836-11.348 84.636-17.036 128.154-17.234 43.502 0.198 87.336 5.886 128.256 17.234 97.734-66.244 140.656-52.49 140.656-52.49 27.872 70.528 10.35 122.6 5.036 135.5 32.82 35.856 52.694 81.532 52.694 137.428 0 196.654-119.778 239.95-233.79 252.624 18.364 15.89 34.724 47.046 34.724 94.812 0 68.508-0.596 123.644-0.596 140.508 0 13.628 9.222 29.594 35.172 24.566 203.322-67.776 349.842-259.626 349.842-485.768 0-282.78-229.234-511.998-511.992-511.998z"
        ],
        "tags": [
          "github",
          "brand",
          "octacat",
          "social"
        ],
        "defaultCode": 60080,
        "grid": 16,
        "attrs": []
      },
      "attrs": [],
      "properties": {
        "ligatures": "github, brand40",
        "name": "github",
        "order": 4,
        "id": 433,
        "prevSize": 32,
        "code": 60080
      },
      "setIdx": 1,
      "setId": 1,
      "iconIdx": 432
    },
    {
      "icon": {
        "paths": [
          "M928 0h-832c-52.8 0-96 43.2-96 96v832c0 52.8 43.2 96 96 96h832c52.8 0 96-43.2 96-96v-832c0-52.8-43.2-96-96-96zM384 832h-128v-448h128v448zM320 320c-35.4 0-64-28.6-64-64s28.6-64 64-64c35.4 0 64 28.6 64 64s-28.6 64-64 64zM832 832h-128v-256c0-35.4-28.6-64-64-64s-64 28.6-64 64v256h-128v-448h128v79.4c26.4-36.2 66.8-79.4 112-79.4 79.6 0 144 71.6 144 160v288z"
        ],
        "tags": [
          "linkedin",
          "brand",
          "social"
        ],
        "defaultCode": 60105,
        "grid": 16,
        "attrs": []
      },
      "attrs": [],
      "properties": {
        "ligatures": "linkedin, brand64",
        "name": "linkedin",
        "order": 5,
        "id": 458,
        "prevSize": 32,
        "code": 60105
      },
      "setIdx": 1,
      "setId": 1,
      "iconIdx": 457
    },
    {
      "icon": {
        "paths": [
          "M734.202 628.83h236.050c1.82-16.37 2.548-33.098 2.548-50.196 0-80.224-21.534-155.468-59.124-220.266 38.88-103.308 37.492-190.988-14.556-243.39-49.496-49.28-182.29-41.28-332.412 25.198-11.104-0.84-22.318-1.272-33.638-1.272-206.048 0-378.926 141.794-426.708 332.85 64.638-82.754 132.638-142.754 223.478-186.448-8.26 7.74-56.454 55.652-64.56 63.764-239.548 239.478-315.090 552.306-233.806 633.604 61.786 61.774 173.758 51.342 302.376-11.648 59.806 30.458 127.5 47.63 199.218 47.63 193.134 0 356.804-124.316 416.090-297.448h-237.868c-32.734 60.382-96.748 101.48-170.218 101.48-73.468 0-137.484-41.098-170.216-101.48-14.55-27.274-22.914-58.554-22.914-91.656v-0.722h386.26zM348.302 512.804c5.456-97.11 86.2-174.584 184.766-174.584s179.312 77.472 184.766 174.584h-369.532zM896.966 163.808c33.526 33.88 32.688 96.214 4.012 174.022-49.136-74.908-120.518-133.936-204.792-167.64 90.106-38.638 163.406-43.756 200.78-6.382zM93.482 967.256c-42.782-42.796-29.884-132.618 25.23-240.832 34.308 96.27 101.156 177.090 187.336 229.154-95.43 43.318-173.536 50.674-212.566 11.678z"
        ],
        "tags": [
          "IE",
          "browser",
          "internet-explorer",
          "brand"
        ],
        "defaultCode": 60123,
        "grid": 16,
        "attrs": []
      },
      "attrs": [],
      "properties": {
        "ligatures": "IE, browser3",
        "name": "IE",
        "order": 48,
        "id": 476,
        "prevSize": 32,
        "code": 60123
      },
      "setIdx": 1,
      "setId": 1,
      "iconIdx": 475
    }
  ],
  "height": 1024,
  "metadata": {
    "name": "icomoon"
  },
  "preferences": {
    "showGlyphs": true,
    "showQuickUse": true,
    "showQuickUse2": true,
    "showSVGs": true,
    "fontPref": {
      "prefix": "icon-",
      "metadata": {
        "fontFamily": "icomoon"
      },
      "metrics": {
        "emSize": 1024,
        "baseline": 6.25,
        "whitespace": 50
      },
      "embed": false,
      "autoHost": true
    },
    "imagePref": {
      "prefix": "icon-",
      "png": true,
      "useClassSelector": true,
      "color": 0,
      "bgColor": 16777215,
      "classSelector": ".icon"
    },
    "historySize": 50,
    "showCodes": true,
    "gridSize": 16,
    "quickUsageToken": {
      "UntitledProject": "MmExNmU3YTdlOTQzMzEwMzI1Njg5ZjEzNmE3YWI1NGMjMSMxNTA2Mzg4OTA1IyMj"
    }
  }
}